band,percentage,candidature,year,course_name,course_code,band_scale,count
6,7.16,18712,2021,Biology,15030,1-6,1340
5,24.14,18712,2021,Biology,15030,1-6,4517
4,34.79,18712,2021,Biology,15030,1-6,6510
3,25.15,18712,2021,Biology,15030,1-6,4706
2,6.68,18712,2021,Biology,15030,1-6,1250
1,2.05,18712,2021,Biology,15030,1-6,384
6,10.96,9885,2021,Chemistry,15050,1-6,1083
5,29.42,9885,2021,Chemistry,15050,1-6,2908
4,25.88,9885,2021,Chemistry,15050,1-6,2558
3,22.42,9885,2021,Chemistry,15050,1-6,2216
2,9.22,9885,2021,Chemistry,15050,1-6,911
1,2.06,9885,2021,Chemistry,15050,1-6,204
6,16.3,24412,2021,English Advanced,15140,1-6,3979
5,52.47,24412,2021,English Advanced,15140,1-6,12809
4,25.11,24412,2021,English Advanced,15140,1-6,6130
3,5.4,24412,2021,English Advanced,15140,1-6,1318
2,0.62,24412,2021,English Advanced,15140,1-6,151
1,0.08,24412,2021,English Advanced,15140,1-6,20
6,0.59,31343,2021,English Standard,15130,1-6,185
5,16.03,31343,2021,English Standard,15130,1-6,5024
4,41.2,31343,2021,English Standard,15130,1-6,12913
3,32.71,31343,2021,English Standard,15130,1-6,10252
2,7.84,31343,2021,English Standard,15130,1-6,2457
1,1.6,31343,2021,English Standard,15130,1-6,501
6,14.79,10694,2021,Legal Studies,15220,1-6,1582
5,27.55,10694,2021,Legal Studies,15220,1-6,2946
4,26.81,10694,2021,Legal Studies,15220,1-6,2867
3,17.19,10694,2021,Legal Studies,15220,1-6,1838
2,9.68,10694,2021,Legal Studies,15220,1-6,1035
1,3.94,10694,2021,Legal Studies,15220,1-6,421
6,23.24,16770,2021,Mathematics Advanced,15255,1-6,3897
5,26.97,16770,2021,Mathematics Advanced,15255,1-6,4523
4,28.54,16770,2021,Mathematics Advanced,15255,1-6,4786
3,15.08,16770,2021,Mathematics Advanced,15255,1-6,2529
2,4.28,16770,2021,Mathematics Advanced,15255,1-6,718
1,1.87,16770,2021,Mathematics Advanced,15255,1-6,314
E4,37.26,8547,2021,Mathematics Extension 1,15250,E1-E4,3185
E3,36.99,8547,2021,Mathematics Extension 1,15250,E1-E4,3162
E2,19.93,8547,2021,Mathematics Extension 1,15250,E1-E4,1703
E1,5.8,8547,2021,Mathematics Extension 1,15250,E1-E4,496
E4,42.81,3193,2021,Mathematics Extension 2,15260,E1-E4,1367
E3,43.81,3193,2021,Mathematics Extension 2,15260,E1-E4,1399
E2,11.96,3193,2021,Mathematics Extension 2,15260,E1-E4,382
E1,1.4,3193,2021,Mathematics Extension 2,15260,E1-E4,45
6,12.42,7922,2021,Physics,15330,1-6,984
5,28.19,7922,2021,Physics,15330,1-6,2233
4,30.71,7922,2021,Physics,15330,1-6,2433
3,19.51,7922,2021,Physics,15330,1-6,1546
2,7.39,7922,2021,Physics,15330,1-6,585
1,1.75,7922,2021,Physics,15330,1-6,139
6,6.35,18893,2022,Biology,15030,1-6,1200
5,20.47,18893,2022,Biology,15030,1-6,3867
4,26.51,18893,2022,Biology,15030,1-6,5009
3,26.4,18893,2022,Biology,15030,1-6,4988
2,16.0,18893,2022,Biology,15030,1-6,3023
1,4.24,18893,2022,Biology,15030,1-6,801
6,9.22,9930,2022,Chemistry,15050,1-6,916
5,23.94,9930,2022,Chemistry,15050,1-6,2377
4,30.8,9930,2022,Chemistry,15050,1-6,3058
3,20.56,9930,2022,Chemistry,15050,1-6,2042
2,11.36,9930,2022,Chemistry,15050,1-6,1128
1,4.08,9930,2022,Chemistry,15050,1-6,405
6,14.52,24661,2022,English Advanced,15140,1-6,3581
5,52.64,24661,2022,English Advanced,15140,1-6,12982
4,26.06,24661,2022,English Advanced,15140,1-6,6427
3,5.9,24661,2022,English Advanced,15140,1-6,1455
2,0.81,24661,2022,English Advanced,15140,1-6,200
1,0.04,24661,2022,English Advanced,15140,1-6,10
6,0.56,30646,2022,English Standard,15130,1-6,172
5,14.89,30646,2022,English Standard,15130,1-6,4563
4,40.25,30646,2022,English Standard,15130,1-6,12335
3,32.28,30646,2022,English Standard,15130,1-6,9893
2,10.69,30646,2022,English Standard,15130,1-6,3276
1,1.3,30646,2022,English Standard,15130,1-6,398
6,14.63,10225,2022,Legal Studies,15220,1-6,1496
5,26.33,10225,2022,Legal Studies,15220,1-6,2692
4,25.2,10225,2022,Legal Studies,15220,1-6,2577
3,18.65,10225,2022,Legal Studies,15220,1-6,1907
2,10.0,10225,2022,Legal Studies,15220,1-6,1022
1,5.17,10225,2022,Legal Studies,15220,1-6,529
6,22.58,16867,2022,Mathematics Advanced,15255,1-6,3809
5,26.41,16867,2022,Mathematics Advanced,15255,1-6,4455
4,27.42,16867,2022,Mathematics Advanced,15255,1-6,4625
3,18.05,16867,2022,Mathematics Advanced,15255,1-6,3044
2,4.6,16867,2022,Mathematics Advanced,15255,1-6,776
1,0.91,16867,2022,Mathematics Advanced,15255,1-6,153
E4,34.76,8680,2022,Mathematics Extension 1,15250,E1-E4,3017
E3,38.8,8680,2022,Mathematics Extension 1,15250,E1-E4,3368
E2,20.47,8680,2022,Mathematics Extension 1,15250,E1-E4,1777
E1,5.95,8680,2022,Mathematics Extension 1,15250,E1-E4,516
E4,39.55,3271,2022,Mathematics Extension 2,15260,E1-E4,1294
E3,45.55,3271,2022,Mathematics Extension 2,15260,E1-E4,1490
E2,10.97,3271,2022,Mathematics Extension 2,15260,E1-E4,359
E1,3.91,3271,2022,Mathematics Extension 2,15260,E1-E4,128
6,12.35,7633,2022,Physics,15330,1-6,943
5,29.09,7633,2022,Physics,15330,1-6,2220
4,26.54,7633,2022,Physics,15330,1-6,2026
3,18.76,7633,2022,Physics,15330,1-6,1432
2,9.28,7633,2022,Physics,15330,1-6,708
1,3.95,7633,2022,Physics,15330,1-6,302
6,8.31,19383,2023,Biology,15030,1-6,1611
5,23.68,19383,2023,Biology,15030,1-6,4590
4,31.92,19383,2023,Biology,15030,1-6,6187
3,25.48,19383,2023,Biology,15030,1-6,4939
2,9.15,19383,2023,Biology,15030,1-6,1774
1,1.47,19383,2023,Biology,15030,1-6,285
6,12.41,9892,2023,Chemistry,15050,1-6,1228
5,25.91,9892,2023,Chemistry,15050,1-6,2563
4,27.99,9892,2023,Chemistry,15050,1-6,2769
3,19.39,9892,2023,Chemistry,15050,1-6,1918
2,12.45,9892,2023,Chemistry,15050,1-6,1232
1,1.84,9892,2023,Chemistry,15050,1-6,182
6,13.8,25102,2023,English Advanced,15140,1-6,3464
5,53.39,25102,2023,English Advanced,15140,1-6,13402
4,28.16,25102,2023,English Advanced,15140,1-6,7069
3,4.09,25102,2023,English Advanced,15140,1-6,1027
2,0.5,25102,2023,English Advanced,15140,1-6,126
1,0.06,25102,2023,English Advanced,15140,1-6,15
6,0.31,31697,2023,English Standard,15130,1-6,98
5,12.87,31697,2023,English Standard,15130,1-6,4079
4,46.51,31697,2023,English Standard,15130,1-6,14742
3,30.01,31697,2023,English Standard,15130,1-6,9512
2,8.7,31697,2023,English Standard,15130,1-6,2758
1,1.6,31697,2023,English Standard,15130,1-6,507
6,13.97,10244,2023,Legal Studies,15220,1-6,1431
5,28.54,10244,2023,Legal Studies,15220,1-6,2924
4,26.96,10244,2023,Legal Studies,15220,1-6,2762
3,20.81,10244,2023,Legal Studies,15220,1-6,2132
2,6.94,10244,2023,Legal Studies,15220,1-6,711
1,2.77,10244,2023,Legal Studies,15220,1-6,284
6,22.35,16428,2023,Mathematics Advanced,15255,1-6,3672
5,27.45,16428,2023,Mathematics Advanced,15255,1-6,4509
4,25.6,16428,2023,Mathematics Advanced,15255,1-6,4206
3,17.67,16428,2023,Mathematics Advanced,15255,1-6,2903
2,5.58,16428,2023,Mathematics Advanced,15255,1-6,917
1,1.35,16428,2023,Mathematics Advanced,15255,1-6,222
E4,34.28,8390,2023,Mathematics Extension 1,15250,E1-E4,2876
E3,37.65,8390,2023,Mathematics Extension 1,15250,E1-E4,3159
E2,24.02,8390,2023,Mathematics Extension 1,15250,E1-E4,2015
E1,4.05,8390,2023,Mathematics Extension 1,15250,E1-E4,340
E4,37.82,3273,2023,Mathematics Extension 2,15260,E1-E4,1238
E3,47.97,3273,2023,Mathematics Extension 2,15260,E1-E4,1570
E2,12.83,3273,2023,Mathematics Extension 2,15260,E1-E4,420
E1,1.37,3273,2023,Mathematics Extension 2,15260,E1-E4,45
6,13.1,7921,2023,Physics,15330,1-6,1038
5,25.84,7921,2023,Physics,15330,1-6,2047
4,28.56,7921,2023,Physics,15330,1-6,2262
3,21.6,7921,2023,Physics,15330,1-6,1711
2,9.81,7921,2023,Physics,15330,1-6,777
1,1.09,7921,2023,Physics,15330,1-6,86
6,6.7,19046,2024,Biology,15030,1-6,1276
5,28.89,19046,2024,Biology,15030,1-6,5502
4,34.51,19046,2024,Biology,15030,1-6,6573
3,18.14,19046,2024,Biology,15030,1-6,3455
2,9.53,19046,2024,Biology,15030,1-6,1815
1,2.22,19046,2024,Biology,15030,1-6,423
6,11.45,9722,2024,Chemistry,15050,1-6,1113
5,27.37,9722,2024,Chemistry,15050,1-6,2661
4,28.44,9722,2024,Chemistry,15050,1-6,2765
3,20.0,9722,2024,Chemistry,15050,1-6,1944
2,10.67,9722,2024,Chemistry,15050,1-6,1037
1,2.08,9722,2024,Chemistry,15050,1-6,202
6,15.1,25398,2024,English Advanced,15140,1-6,3835
5,52.47,25398,2024,English Advanced,15140,1-6,13326
4,28.96,25398,2024,English Advanced,15140,1-6,7355
3,2.97,25398,2024,English Advanced,15140,1-6,754
2,0.44,25398,2024,English Advanced,15140,1-6,112
1,0.06,25398,2024,English Advanced,15140,1-6,15
6,0.55,32994,2024,English Standard,15130,1-6,181
5,12.86,32994,2024,English Standard,15130,1-6,4243
4,53.89,32994,2024,English Standard,15130,1-6,17780
3,25.1,32994,2024,English Standard,15130,1-6,8281
2,6.94,32994,2024,English Standard,15130,1-6,2290
1,0.66,32994,2024,English Standard,15130,1-6,218
6,15.4,10210,2024,Legal Studies,15220,1-6,1572
5,28.18,10210,2024,Legal Studies,15220,1-6,2877
4,25.88,10210,2024,Legal Studies,15220,1-6,2642
3,20.05,10210,2024,Legal Studies,15220,1-6,2047
2,8.63,10210,2024,Legal Studies,15220,1-6,881
1,1.87,10210,2024,Legal Studies,15220,1-6,191
6,22.33,16561,2024,Mathematics Advanced,15255,1-6,3698
5,27.7,16561,2024,Mathematics Advanced,15255,1-6,4587
4,27.32,16561,2024,Mathematics Advanced,15255,1-6,4524
3,17.4,16561,2024,Mathematics Advanced,15255,1-6,2882
2,4.71,16561,2024,Mathematics Advanced,15255,1-6,780
1,0.54,16561,2024,Mathematics Advanced,15255,1-6,89
E4,34.95,8846,2024,Mathematics Extension 1,15250,E1-E4,3092
E3,45.38,8846,2024,Mathematics Extension 1,15250,E1-E4,4014
E2,17.16,8846,2024,Mathematics Extension 1,15250,E1-E4,1518
E1,2.51,8846,2024,Mathematics Extension 1,15250,E1-E4,222
E4,40.24,3544,2024,Mathematics Extension 2,15260,E1-E4,1426
E3,46.13,3544,2024,Mathematics Extension 2,15260,E1-E4,1635
E2,11.96,3544,2024,Mathematics Extension 2,15260,E1-E4,424
E1,1.66,3544,2024,Mathematics Extension 2,15260,E1-E4,59
6,12.4,8215,2024,Physics,15330,1-6,1019
5,25.92,8215,2024,Physics,15330,1-6,2129
4,26.8,8215,2024,Physics,15330,1-6,2202
3,21.01,8215,2024,Physics,15330,1-6,1726
2,11.0,8215,2024,Physics,15330,1-6,904
1,2.86,8215,2024,Physics,15330,1-6,235
6,7.41,20710,2025,Biology,15030,1-6,1535
5,28.32,20710,2025,Biology,15030,1-6,5865
4,29.69,20710,2025,Biology,15030,1-6,6149
3,21.23,20710,2025,Biology,15030,1-6,4397
2,9.68,20710,2025,Biology,15030,1-6,2005
1,3.66,20710,2025,Biology,15030,1-6,758
6,11.16,10369,2025,Chemistry,15050,1-6,1157
5,26.89,10369,2025,Chemistry,15050,1-6,2788
4,33.18,10369,2025,Chemistry,15050,1-6,3440
3,18.56,10369,2025,Chemistry,15050,1-6,1924
2,8.62,10369,2025,Chemistry,15050,1-6,894
1,1.59,10369,2025,Chemistry,15050,1-6,165
6,13.46,26293,2025,English Advanced,15140,1-6,3539
5,51.78,26293,2025,English Advanced,15140,1-6,13615
4,31.5,26293,2025,English Advanced,15140,1-6,8282
3,3.01,26293,2025,English Advanced,15140,1-6,791
2,0.25,26293,2025,English Advanced,15140,1-6,66
1,0.01,26293,2025,English Advanced,15140,1-6,3
6,0.42,33653,2025,English Standard,15130,1-6,141
5,12.45,33653,2025,English Standard,15130,1-6,4190
4,54.98,33653,2025,English Standard,15130,1-6,18502
3,26.38,33653,2025,English Standard,15130,1-6,8878
2,5.29,33653,2025,English Standard,15130,1-6,1780
1,0.47,33653,2025,English Standard,15130,1-6,158
6,15.42,10080,2025,Legal Studies,15220,1-6,1554
5,29.28,10080,2025,Legal Studies,15220,1-6,2951
4,23.69,10080,2025,Legal Studies,15220,1-6,2388
3,18.9,10080,2025,Legal Studies,15220,1-6,1905
2,9.82,10080,2025,Legal Studies,15220,1-6,990
1,2.9,10080,2025,Legal Studies,15220,1-6,292
6,23.15,16809,2025,Mathematics Advanced,15255,1-6,3891
5,28.31,16809,2025,Mathematics Advanced,15255,1-6,4759
4,29.01,16809,2025,Mathematics Advanced,15255,1-6,4876
3,13.94,16809,2025,Mathematics Advanced,15255,1-6,2343
2,3.88,16809,2025,Mathematics Advanced,15255,1-6,652
1,1.71,16809,2025,Mathematics Advanced,15255,1-6,287
E4,34.71,9279,2025,Mathematics Extension 1,15250,E1-E4,3221
E3,42.62,9279,2025,Mathematics Extension 1,15250,E1-E4,3955
E2,18.04,9279,2025,Mathematics Extension 1,15250,E1-E4,1674
E1,4.62,9279,2025,Mathematics Extension 1,15250,E1-E4,429
E4,41.49,3844,2025,Mathematics Extension 2,15260,E1-E4,1595
E3,42.92,3844,2025,Mathematics Extension 2,15260,E1-E4,1650
E2,14.31,3844,2025,Mathematics Extension 2,15260,E1-E4,550
E1,1.27,3844,2025,Mathematics Extension 2,15260,E1-E4,49
6,12.54,8817,2025,Physics,15330,1-6,1106
5,25.19,8817,2025,Physics,15330,1-6,2221
4,25.75,8817,2025,Physics,15330,1-6,2270
3,21.21,8817,2025,Physics,15330,1-6,1870
2,13.81,8817,2025,Physics,15330,1-6,1218
1,1.5,8817,2025,Physics,15330,1-6,132
